楽曲,,,,,,,,,
,,,,,,,,,
,,曲,,,,著作情報,,,メモ
,No.,曲名,ボーカロイド名,投稿日,動画ID,作詞,作曲,編曲,出典
,1,みくみくにしてあげる♪,初音ミク,2007/09/20,sm1097445,ika,ika,ika,ニコニコ ぼからん1
,2,千本桜,初音ミク,2011/09/17,sm15630734,黒うさP,黒うさP,黒うさP,ニコニコ ぼからん2
,3,メルト,初音ミク,2007/12/07,sm1715919,ryo ,ryo ,ryo ,ニコニコ ぼからん3
,4,マトリョシカ,初音ミク・GUMI,2010/08/19,sm11809611,ハチ,ハチ,ハチ,ニコニコ ぼからん4
,5,ワールズエンド・ダンスホール,初音ミク・巡音ルカ,2010/05/18,sm10759623,wowaka,wowaka,wowaka,ニコニコ ぼからん5
,6,モザイクロール,GUMI,2010/07/15,sm11398357,DECO*27,DECO*27,DECO*27,ニコニコ ぼからん6
,7,初音ミクの消失（LONG VERSION）,初音ミク,2008/04/08,sm2937784,cosMo@暴走P,cosMo@暴走P,cosMo@暴走P,ニコニコ ぼからん7
,8,ワールドイズマイン,初音ミク,2008/05/31,sm3504435,ryo ,ryo ,ryo ,ニコニコ ぼからん8
,9,六兆年と一夜物語,IA,2012/04/11,sm17520775,kemu,kemu,kemu,ニコニコ ぼからん9
,10,ゴーストルール,初音ミク,2016/01/08,sm27965309,DECO*27,DECO*27,DECO*27,ニコニコ ぼからん10
,11,ロミオとシンデレラ,初音ミク,2009/04/06,sm6666016,doriko,doriko,doriko,ニコニコ ぼからん11
,12,脳漿炸裂ガール,初音ミク・GUMI,2012/10/19,sm19133907,れるりり,れるりり,れるりり,ニコニコ ぼからん12
,13,裏表ラバーズ,初音ミク,2009/08/30,sm8082467,wowaka,wowaka,wowaka,ニコニコ ぼからん13
,14,ダブルラリアット,巡音ルカ,2009/02/05,nm6049209,アゴアニキ,アゴアニキ,アゴアニキ,ニコニコ ぼからん14
,15,ドーナツホール,GUMI,2013/10/28,sm22138447,ハチ,ハチ,ハチ,ニコニコ ぼからん15
,16,ブラック★ロックシューター,初音ミク,2008/06/13,sm3645817,ryo ,ryo ,ryo ,ニコニコ ぼからん16
,17,パンダヒーロー,GUMI,2011/01/23,sm13386216,ハチ,ハチ,ハチ,ニコニコ ぼからん17
,18,ローリンガール,初音ミク,2010/02/14,sm9714351,wowaka,wowaka,wowaka,ニコニコ ぼからん18
,19,カゲロウデイズ,初音ミク,2011/09/30,sm15751190,じん,じん,じん,ニコニコ ぼからん19
,20,天ノ弱,GUMI,2011/05/28,sm14583646,164,164,164,ニコニコ ぼからん20
,21,砂の惑星,初音ミク,2017/07/21,sm31606995,ハチ,ハチ,ハチ,ニコニコ ぼからん21
,22,ロストワンの号哭,鏡音リン,2013/03/04,sm20244918,Neru,Neru,Neru,ニコニコ ぼからん22
,23,いーあるふぁんくらぶ,GUMI・鏡音リン,2012/08/15,sm18623327,みきとP,みきとP,みきとP,ニコニコ ぼからん23
,24,アスノヨゾラ哨戒班,IA,2014/08/19,sm24276234,Orangestar,Orangestar,Orangestar,ニコニコ ぼからん24
,25,FREELY TOMORROW,初音ミク,2011/07/31,sm15172108,Mitchie M,Mitchie M,Mitchie M,ニコニコ ぼからん25
,26,エイリアンエイリアン,初音ミク,2016/04/05,sm28576299,ナユタン星人,ナユタン星人,ナユタン星人,ニコニコ ぼからん26
,27,ウミユリ海底譚,初音ミク,2014/02/24,sm22960446,ナブナ,ナブナ,ナブナ,ニコニコ ぼからん27
,28,結ンデ開イテ羅刹ト骸,初音ミク,2009/07/06,sm7550182,ハチ,ハチ,ハチ,ニコニコ ぼからん28
,29,卑怯戦隊うろたんだー,KAITO・MEIKO・初音ミク,2007/11/28,sm1639267,シンP,シンP,シンP,ニコニコ ぼからん29
,30,チルドレンレコード,IA,2012/07/21,sm18406343,じん,じん,じん,ニコニコ ぼからん30
,31,ハッピーシンセサイザ,巡音ルカ・GUMI,2010/11/22,sm12825985,EasyPop,EasyPop,EasyPop,ニコニコ ぼからん31
,32,ECHO,GUMI,2014/10/08,sm24643818,Crusher-P,Crusher-P,Crusher-P,ニコニコ ぼからん32
,33,弱虫モンブラン,GUMI,2010/04/15,sm10393864,DECO*27,DECO*27,DECO*27,ニコニコ ぼからん33
,34,ダンスロボットダンス,初音ミク,2016/12/06,sm30177801,ナユタン星人,ナユタン星人,ナユタン星人,ニコニコ ぼからん34
,35,ロキ,鏡音リン,2018/02/27,sm32798041,みきとP,みきとP,みきとP,ニコニコ ぼからん35
,36,Ievan Polkka,初音ミク,2007/09/04,sm982882,エイノ・ケットゥネン,Otomania,Otomania,ニコニコ ぼからん36
,37,セツナトリップ,GUMI,2012/05/03,sm17720979,Last Note.,Last Note.,Last Note.,ニコニコ ぼからん37
,38,アンハッピーリフレイン,初音ミク,2011/05/02,sm14330479,wowaka,wowaka,wowaka,ニコニコ ぼからん38
,39,ロスタイムメモリー,IA,2013/03/30,sm20470051,じん,じん,じん,ニコニコ ぼからん39
,40,ルカルカ★ナイトフィーバー,巡音ルカ,2009/02/12,sm6119955,samfree,samfree,samfree,ニコニコ ぼからん40
,41,＊ハロー、プラネット。,初音ミク,2009/05/24,sm7138245,ささくれP,ささくれP,ささくれP,ニコニコ ぼからん41
,42,夜咄ディセイブ,IA,2013/02/17,sm20116702,じん,じん,じん,ニコニコ ぼからん42
,43,インビジブル,GUMI・鏡音リン,2011/12/20,sm16474954,kemu,kemu,kemu,ニコニコ ぼからん43
,44,メランコリック,鏡音リン,2010/04/19,sm10444862,Junky,Junky,Junky,ニコニコ ぼからん44
,45,夜明けと蛍,初音ミク,2014/11/11,sm24892241,ナブナ,ナブナ,ナブナ,ニコニコ ぼからん45
,46,チュルリラ・チュルリラ・ダッダッダ！,結月ゆかり,2016/02/22,sm28276238,くらげP,くらげP,くらげP,ニコニコ ぼからん46
,47,パラジクロロベンゼン,鏡音レン,2009/09/19,sm8269164,オワタP,オワタP,オワタP,ニコニコ ぼからん47
,48,シャルル,flower,2016/10/12,sm29822304,バルーン,バルーン,バルーン,ニコニコ ぼからん48
,49,悪ノ召使,鏡音レン,2008/04/29,sm3133304,悪ノP,悪ノP,悪ノP,ニコニコ ぼからん49
,50,からくりピエロ,初音ミク,2011/07/15,sm15022913,40mP,40mP,40mP,ニコニコ ぼからん50
,51,メリュー,初音ミク,2015/05/12,sm26238908,ナブナ,ナブナ,ナブナ,ニコニコ ぼからん51
,52,恋は戦争,初音ミク,2008/02/22,sm2397344,ryo ,ryo ,ryo ,ニコニコ ぼからん52
,53,ビバハピ,初音ミク,2013/07/26,sm21443197,Mitchie M,Mitchie M,Mitchie M,ニコニコ ぼからん53
,54,東京テディベア,鏡音リン,2011/08/14,sm15308214,Neru,Neru,Neru,ニコニコ ぼからん54
,55,Just Be Friends,巡音ルカ,2009/07/04,sm7528841,Dixie Flatline,Dixie Flatline,Dixie Flatline,ニコニコ ぼからん55
,56,アンノウン・マザーグース,初音ミク,2017/08/22,sm31791630,wowaka,wowaka,wowaka,ニコニコ ぼからん56
,57,脱法ロック,鏡音レン,2016/06/19,sm29081909,Neru,Neru,Neru,ニコニコ ぼからん57
,58,深海少女,初音ミク,2010/09/01,sm11956364,ゆうゆ,ゆうゆ,ゆうゆ,ニコニコ ぼからん58
,59,1925,初音ミク,2009/10/05,sm8430328,とみー,とみー,とみー,ニコニコ ぼからん59
,60,ギガンティックO.T.N,鏡音レン,2012/12/08,sm19532707,れをる,ギガP,ギガP,ニコニコ ぼからん60
,61,太陽系デスコ,初音ミク,2017/01/20,sm30469574,ナユタン星人,ナユタン星人,ナユタン星人,ニコニコ ぼからん61
,62,如月アテンション,IA,2012/05/27,sm17930619,じん,じん,じん,ニコニコ ぼからん62
,63,サマータイムレコード,IA,2013/09/02,sm21737751,じん,じん,じん,ニコニコ ぼからん63
,64,イカサマライフゲイム,GUMI,2012/02/08,sm16915126,kemu,kemu,kemu,ニコニコ ぼからん64
,65,グリーンライツ・セレナーデ,初音ミク,2018/07/06,sm33480697,Omoi,Omoi,Omoi,ニコニコ ぼからん65
,66,こちら、幸福安心委員会です。,初音ミク,2012/06/15,sm18100389,うたたP,うたたP,うたたP,ニコニコ ぼからん66
,67,歌に形はないけれど,初音ミク,2008/01/20,sm2085047,doriko,doriko,doriko,ニコニコ ぼからん67
,68,桜ノ雨,初音ミク,2008/02/23,sm2406770,halyosy,halyosy,halyosy,ニコニコ ぼからん68
,69,人生リセットボタン,GUMI,2011/11/07,sm16110005,kemu,kemu,kemu,ニコニコ ぼからん69
,70,ヒバナ,初音ミク,2017/08/04,sm31685272,DECO*27,DECO*27,DECO*27,ニコニコ ぼからん70
,71,妄想税,初音ミク,2013/09/07,sm21764582,DECO*27,DECO*27,DECO*27,ニコニコ ぼからん71
,72,Bad ∞ End ∞ Night,初音ミク・鏡音リン・鏡音レン・巡音ルカ・KAITO・MEIKO・GUMI・神威がくぽ,2012/01/15,sm16702635,ひとしずくP・やま△,ひとしずくP・やま△,ひとしずくP・やま△,ニコニコ ぼからん72
,73,ヒビカセ,初音ミク,2014/09/24,sm24536934,れをる,ギガP,ギガP,ニコニコ ぼからん73
,74,地球最後の告白を,GUMI,2012/06/26,sm18198019,kemu,kemu,kemu,ニコニコ ぼからん74
,75,paranoia,初音ミク,2012/03/13,sm17239967,めざめP,めざめP,めざめP,ニコニコ ぼからん75
,76,アウターサイエンス,IA,2013/08/31,sm21720819,じん,じん,じん,ニコニコ ぼからん76
,77,むかしむかしのきょうのぼく,初音ミク,2010/11/25,sm12850213,DECO*27,DECO*27,DECO*27,ニコニコ ぼからん77
,78,え？あぁ、そう。,初音ミク,2010/03/22,sm10122021,蝶々P,蝶々P,蝶々P,ニコニコ ぼからん78
,79,初めての恋が終わる時,初音ミク,2008/12/12,sm5524166,ryo,ryo,ryo,ニコニコ ぼからん79
,80,Calc.,初音ミク,2010/09/09,sm12050471,ジミーサムP,ジミーサムP,ジミーサムP,ニコニコ ぼからん80
,81,右肩の蝶(レン ver.),鏡音レン,2009/05/03,sm6928368,のりP,のりP,のりP,ニコニコ ぼからん81
,82,気まぐれメルシィ,初音ミク,2016/06/03,sm28974414,八王子P,八王子P,八王子P,ニコニコ ぼからん82
,83,妄想感傷代償連盟,初音ミク,2016/11/18,sm30067009,DECO*27,DECO*27,DECO*27,ニコニコ ぼからん83
,84,サイハテ,初音ミク,2008/01/16,sm2053548,小林オニキス,小林オニキス,小林オニキス,ニコニコ ぼからん84
,85,テオ,初音ミク,2017/07/08,sm31533883,Omoi,Omoi,Omoi,ニコニコ ぼからん85
,86,二息歩行,初音ミク,2009/08/28,sm8061508,DECO*27,DECO*27,DECO*27,ニコニコ ぼからん86
,87,はやくそれになりたい！,音街ウナ,2017/05/11,sm31192903,キノシタ,キノシタ,キノシタ,ニコニコ ぼからん87
,88,透明エレジー,GUMI,2013/02/19,sm20132624,ナブナ,ナブナ,ナブナ,ニコニコ ぼからん88
,89,想像フォレスト,IA,2012/02/01,sm16846374,じん,じん,じん,ニコニコ ぼからん89
,90,すろぉもぉしょん,初音ミク,2014/05/27,sm23648996,ピノキオピー,ピノキオピー,ピノキオピー,ニコニコ ぼからん90
,91,コノハの世界事情,初音ミク・IA,2012/03/30,sm17397763,じん,じん,じん,ニコニコ ぼからん91
,92,ストリーミングハート,初音ミク,2014/03/21,sm23144598,DECO*27,DECO*27,DECO*27,ニコニコ ぼからん92
,93,サンドリヨン（Cendrillon）,初音ミク・KAITO,2008/08/25,sm4410647,シグナルP,シグナルP,シグナルP,ニコニコ ぼからん93
,94,ヘッドフォンアクター,IA,2011/12/15,sm16429826,じん,じん,じん,ニコニコ ぼからん94
,95,ぼくらの１６ｂｉｔ戦争,GUMI,2009/07/12,sm7610111,ささくれP,ささくれP,ささくれP,ニコニコ ぼからん95
,96,ハジメテノオト,初音ミク,2007/10/14,sm1274898,malo,malo,malo,ニコニコ ぼからん96
,97,Nyanyanyanyanyanyanya!,初音ミク,2010/07/25,sm11509720,daniwell,daniwell,daniwell,ニコニコ ぼからん97
,98,アイラ,GUMI,2015/07/08,sm26661454,ナブナ,ナブナ,ナブナ,ニコニコ ぼからん98
,99,アルカリレットウセイ,初音ミク,2016/11/25,sm30105817,かいりきベア,かいりきベア,かいりきベア,ニコニコ ぼからん99
,100,リンちゃんなう！,初音ミク・巡音ルカ,2011/12/27,sm16539814,杉の人,オワタP,オワタP,ニコニコ ぼからん100
,101,1000年生きてる,初音ミク・flower,2020/12/11,sm37944844,いよわ,いよわ,いよわ,ニコニコ ミク16周年13
,102,少女レイ,初音ミク,2018/07/18,sm33546451 ,みきとP,みきとP,みきとP,ニコニコ ミク16周年16
,103,えれくとりっく・えんじぇぅ,初音ミク,2007/10/01,sm1185318,ヤスオ,ヤスオ,ヤスオ,ニコニコ ミク16周年20
,104,ぽっぴっぽー,初音ミク,2008/12/10,sm5508956,ラマーズP,ラマーズP,ラマーズP,ニコニコ ミク16周年23
,105,命に嫌われている。,初音ミク,2017/08/06,sm31700140,カンザキイオリ,カンザキイオリ,カンザキイオリ,ニコニコ ミク16周年26
,106,M.S.S.Planet,初音ミク・GUMI,2013/08/28,sm21697223,FB777,FB777,FB777,ニコニコ ミク16周年28
,107,春嵐,初音ミク,2019/12/7,sm36053074,john,john,john,ニコニコ ミク16周年30
,108,フューチャー・イヴ,初音ミク,2022/6/17,sm40632249,sasakure.UK,sasakure.UK,有形ランペイジ,ニコニコ ミク16周年31
,109,ジェヘナ,初音ミク,2019/8/9,sm35507640,wotaku,wotaku,wotaku,ニコニコ ミク16周年33
,110,magnet,巡音ルカ・初音ミク,2009/5/1,sm6909505,流星P,流星P,流星P,ニコニコ ミク16周年34
,111,ももいろの鍵,初音ミク,2023/5/31,sm42292205,いよわ,いよわ,いよわ,ニコニコ ミク16周年35
,112,スターダストメドレー,初音ミク,2023/3/19,sm41947082,きさら,きさら,きさら,ニコニコ ミク16周年36
,113,腐れ外道とチョコレゐト,初音ミク,2011/1/10,sm13275244,ピノキオピー,ピノキオピー,ピノキオピー,ニコニコ ミク16周年41
,114,ザムザ,初音ミク,2023/4/7,sm42047041,てにをは,てにをは,てにをは,ニコニコ ミク16周年45
,115,トンデモワンダーズ,初音ミク・KAITO,2021/6/19,sm38907008,sasakure.UK,sasakure.UK,sasakure.UK,ニコニコ ミク16周年47
,116,Hand in Hand (Magical Mirai ver.),初音ミク,2015/7/8,so26654381,kz,kz,kz,ニコニコ ミク16周年49
,117,バグ,初音ミク,2022/6/25,sm40676162,かいりきベア,かいりきベア,かいりきベア,ニコニコ ミク16周年50
,118,ノンブレス・オブリージュ,初音ミク,2021/6/2,sm38824626,ピノキオピー,ピノキオピー,ピノキオピー,ニコニコ ミク16周年51
,119,SPiCa,初音ミク,2009/7/27,sm7756597,kentax vs とくP,toku,toku,ニコニコ ミク16周年52
,120,ブリキノダンス,初音ミク,2013/3/10,sm20296308,日向電工,日向電工,日向電工,ニコニコ ミク16周年53
,121,まにまに,初音ミク,2022/4/23,sm40349788,r-906,r-906,r-906,ニコニコ ミク16周年54
,122,from Y to Y,初音ミク,2009/3/24,sm6529016,ジミーサムP,ジミーサムP,ジミーサムP,ニコニコ ミク16周年55
,123,帝国少女,初音ミク,2017/3/9,sm30788596,R Sound Design,R Sound Design,R Sound Design,ニコニコ ミク16周年56
,124,神っぽいな,初音ミク,2021/9/17,sm39334235,ピノキオピー,ピノキオピー,ピノキオピー,ニコニコ ミク16周年58
,125,ちがう!!!,初音ミク・音街ウナ,2016/11/17,sm30057669,カルロス袴田,カルロス袴田,カルロス袴田,ニコニコ ミク16周年59
,126,神のまにまに,初音ミク・鏡音リン・GUMI,2014/2/7,sm22831329,れるりり,れるりり,れるりり,ニコニコ ミク16周年60
,127,恋愛裁判,初音ミク,2014/6/10,sm23750267,40mP,40mP,40mP,ニコニコ ミク16周年61
,128,独りんぼエンヴィー,初音ミク,2012/11/29,sm19466301,koyori,koyori,koyori,ニコニコ ミク16周年62
,129,オレンジ,初音ミク,2012/12/20,sm19625630,トーマ,トーマ,トーマ,ニコニコ ミク16周年63
,130,脳内革命ガール,初音ミク,2013/9/20,sm21870906,MARETU,MARETU,MARETU,ニコニコ ミク16周年64
,131,愛言葉,初音ミク,2009/7/21,sm7696158,DECO*27,DECO*27,DECO*27,ニコニコ ミク16周年65
,132,初めての恋が終わる時,初音ミク,2008/12/12,sm5524166,ryo,ryo,ryo,ニコニコ ミク16周年66
,133,メルティランドナイトメア,初音ミク,2018/2/16,sm32748202,はるまきごはん,はるまきごはん,はるまきごはん,ニコニコ ミク16周年68
,134,ヴァンパイア,初音ミク,2021/3/9,sm38387707,DECO*27,DECO*27,Rockwell,ニコニコ ミク16周年69
,135,ツギハギスタッカート,初音ミク,2014/6/12,sm23762151,とあ,とあ,とあ,ニコニコ ミク16周年70
,136,愛言葉Ⅲ,初音ミク,2018/10/8,sm33965071,DECO*27,DECO*27,Rockwell,ニコニコ ミク16周年71
,137,ビターチョコデコレーション,初音ミク,2019/1/4,sm34425299,syudou,syudou,syudou,ニコニコ ミク16周年72
,138,初音ミクの激唱（LONG VERSION）,初音ミク,2010/7/9,sm11328911,GAiA,cosMo@暴走P,cosMo@暴走P,ニコニコ ミク16周年73
,139,ダーリンダンス,初音ミク,2020/8/30,sm37441963,かいりきベア,かいりきベア,かいりきベア,ニコニコ ミク16周年74
,140,匿名M,初音ミク,2023/2/17,sm41803605,ピノキオピー,ピノキオピー,ピノキオピー,ニコニコ ミク16周年77
,141,白い雪のプリンセスは,初音ミク,2010/2/22,sm9797269,のぼる↑,のぼる↑,のぼる↑,ニコニコ ミク16周年78
,142,ドラマツルギー,初音ミク,2017/10/10,sm32076378,Eve,Eve,Numa,ニコニコ ミク16周年79
,143,花に風,初音ミク,2023/2/10,sm41770519,バルーン,バルーン,バルーン,ニコニコ ミク16周年80
,144,シネマ,初音ミク,2021/5/8,sm38708262,Ayase,Ayase,Ayase,ニコニコ ミク16周年81
,145,Packaged,初音ミク,2007/9/25,sm1136355,kz,kz,kz,ニコニコ ミク16周年82
,146,失敗作少女,初音ミク,2015/8/8,sm26885931,かいりきベア,かいりきベア,かいりきベア,ニコニコ ミク16周年83
,147,アイロニ,初音ミク,2012/5/24,sm17910036,すこっぷ,すこっぷ,すこっぷ,ニコニコ ミク16周年84
,148,ラビットホール,初音ミク,2023/5/19,sm42224358,DECO*27,DECO*27,tepe,ニコニコ ミク16周年85
,149,flos,初音ミク,2018/3/8,sm32852412,R Sound Design,R Sound Design,R Sound Design,ニコニコ ミク16周年86
,150,トリノコシティ,初音ミク,2010/7/29,sm11559163,40mP,40mP,40mP,ニコニコ ミク16周年87
,151,ネトゲ廃人シュプレヒコール,初音ミク,2010/10/15,sm12441199,さつき が てんこもり,さつき が てんこもり,さつき が てんこもり,ニコニコ ミク16周年88
,152,ラストリゾート,初音ミク,2019/4/30,sm35051597,Ayase,Ayase,Ayase,ニコニコ ミク16周年89
,153,マインドブランド,初音ミク,2015/5/29,sm26364502,MARETU,MARETU,MARETU,ニコニコ ミク16周年90
,154,魔法少女とチョコレゐト,初音ミク,2022/2/25,sm40089113,ピノキオピー,ピノキオピー,ピノキオピー,ニコニコ ミク16周年91
,155,ありふれたせかいせいふく,初音ミク,2012/6/18,sm18131841,ピノキオピー,ピノキオピー,ピノキオピー,ニコニコ ミク16周年92
,156,アディショナルメモリー,初音ミク,2018/9/14,sm33854807,じん,じん,じん、グシミヤギ ヒデユキ,ニコニコ ミク16周年93
,157,ミラクルペイント,初音ミク,2007/11/22,sm1588476,OSTER project,OSTER project,OSTER project,ニコニコ ミク16周年95
,158,エンヴィキャットウォーク,初音ミク,2011/10/22,sm15956806,トーマ,トーマ,トーマ,ニコニコ ミク16周年96
,159,コインロッカーベイビー,初音ミク,2013/2/2,sm19980280,MARETU,MARETU,MARETU,ニコニコ ミク16周年97
,160,鎖の少女,初音ミク,2009/10/26,sm8619805,のぼる↑,のぼる↑,のぼる↑,ニコニコ ミク16周年98
,161,ダーリン,初音ミク,2017/9/29,sm32012728,MARETU,MARETU,MARETU,ニコニコ ミク16周年99
,162,Dear,初音ミク,2008/3/15,sm2651288,19 -iku-,19 -iku-,19 -iku-,ニコニコ ミク16周年100